StudentID,Gender,Age,StudyHoursPerDay,AttendancePercentage,AssignmentsCompleted,SleepHours,PreviousGrade,InternetUsageHours,ExtraClasses,Result
STD-1000,Male,23,2.9,49,6,7.9,44,8.4,Yes,Pass
STD-1001,Male,18,0.8,67,6,4.4,45,6.0,Yes,Pass
STD-1002,Female,17,4.8,65,0,9.9,42,6.0,Yes,Pass
STD-1003,Male,23,4.8,75,10,5.1,77,6.1,Yes,Pass
STD-1004,Female,20,4.7,79,3,7.0,74,4.8,No,Pass
STD-1005,Female,19,2.4,51,3,4.5,59,5.7,Yes,Fail
STD-1006,Male,23,1.4,66,2,8.5,49,9.4,No,Fail
STD-1007,Female,22,3.1,62,9,7.0,91,5.1,Yes,Fail
STD-1008,Female,20,1.0,84,4,7.9,83,8.4,Yes,Pass
STD-1009,Male,18,7.6,62,2,7.7,71,1.5,No,Fail
STD-1010,Male,21,3.4,95,7,4.5,68,4.6,No,Pass
STD-1011,Male,18,5.8,62,10,9.3,54,2.4,Yes,Pass
STD-1012,Female,17,4.1,77,2,5.6,40,2.3,Yes,Pass
STD-1013,Female,21,3.9,95,10,8.8,65,4.6,Yes,Pass
STD-1014,Male,23,1.9,53,7,5.0,61,6.4,Yes,Pass
STD-1015,Female,20,7.6,79,0,4.4,53,6.5,No,Pass
STD-1016,Male,16,4.1,47,7,10.0,69,5.3,No,Pass
STD-1017,Male,23,6.1,70,2,7.1,53,9.6,Yes,Pass
STD-1018,Male,20,6.2,59,10,9.2,84,8.6,Yes,Pass
STD-1019,Male,18,4.5,89,8,6.0,54,6.5,No,Pass
STD-1020,Female,22,6.0,54,3,7.1,62,7.6,No,Fail
STD-1021,Female,16,2.0,78,5,6.7,86,9.9,Yes,Fail
STD-1022,Male,22,1.3,70,3,6.0,70,6.6,No,Fail
STD-1023,Female,17,6.5,45,10,4.7,64,8.0,No,Pass
STD-1024,Male,17,6.4,61,1,8.8,86,4.6,Yes,Pass
STD-1025,Female,20,7.9,41,2,7.5,69,8.3,Yes,Pass
STD-1026,Male,21,4.6,48,0,4.1,86,6.8,Yes,Pass
STD-1027,Female,19,6.7,53,0,5.5,58,5.5,No,Fail
STD-1028,Female,23,6.8,43,5,9.4,82,6.3,Yes,Fail
STD-1029,Male,17,4.5,73,8,4.1,68,8.0,Yes,Pass
STD-1030,Female,16,4.1,86,1,7.3,60,7.1,Yes,Pass
STD-1031,Male,22,2.4,57,0,8.6,72,5.1,No,Pass
STD-1032,Female,23,5.1,72,9,7.1,84,3.5,Yes,Pass
STD-1033,Male,21,5.7,96,4,9.5,52,8.6,No,Pass
STD-1034,Male,20,2.9,82,3,6.6,53,7.0,Yes,Fail
STD-1035,Male,17,2.4,48,7,5.3,46,4.6,No,Fail
STD-1036,Male,20,8.0,65,5,6.5,62,3.9,No,Pass
STD-1037,Male,18,3.8,41,6,6.0,79,3.7,Yes,Fail
STD-1038,Female,19,1.1,57,0,9.4,51,3.4,No,Pass
STD-1039,Male,21,1.6,98,8,7.4,84,3.9,Yes,Pass
STD-1040,Male,19,2.5,41,10,4.5,56,1.8,Yes,Fail
STD-1041,Male,16,3.9,61,8,6.5,57,6.6,Yes,Pass
STD-1042,Female,22,2.5,51,3,9.6,80,3.7,Yes,Fail
STD-1043,Male,23,2.5,91,0,10.0,42,1.1,No,Fail
STD-1044,Female,23,2.3,68,1,7.9,81,4.9,No,Pass
STD-1045,Female,15,5.7,54,5,5.2,85,7.6,Yes,Pass
STD-1046,Female,18,0.6,80,4,6.6,43,1.8,No,Fail
STD-1047,Female,18,0.8,51,2,5.6,40,3.4,Yes,Fail
STD-1048,Female,23,7.7,59,3,6.1,40,4.0,Yes,Pass
STD-1049,Male,21,2.4,89,0,4.5,92,1.8,Yes,Pass
STD-1050,Female,20,2.7,80,3,4.5,73,8.7,No,Pass
STD-1051,Female,23,1.6,86,9,7.9,42,8.4,Yes,Fail
STD-1052,Male,16,7.3,88,8,7.4,92,8.2,Yes,Pass
STD-1053,Male,23,0.8,80,5,9.8,64,8.5,Yes,Pass
STD-1054,Male,23,4.2,40,7,8.8,87,9.4,Yes,Pass
STD-1055,Male,18,6.1,70,4,8.9,94,3.4,No,Pass
STD-1056,Male,16,4.2,64,1,6.9,83,3.6,Yes,Pass
STD-1057,Female,16,3.0,81,4,7.7,48,1.1,Yes,Pass
STD-1058,Male,19,5.6,58,8,5.7,69,5.2,Yes,Pass
STD-1059,Female,21,7.5,41,4,6.8,92,5.6,Yes,Fail
STD-1060,Female,17,7.4,99,3,4.4,45,2.3,No,Pass
STD-1061,Female,22,7.2,85,5,5.4,71,4.5,No,Pass
STD-1062,Female,20,2.8,49,6,6.1,60,2.1,No,Fail
STD-1063,Female,21,1.4,99,3,8.3,87,3.6,Yes,Pass
STD-1064,Female,17,3.2,67,4,9.1,57,1.9,Yes,Fail
STD-1065,Male,21,7.8,67,8,5.9,89,4.4,Yes,Fail
STD-1066,Female,15,5.9,43,6,6.7,88,2.2,Yes,Fail
STD-1067,Female,21,1.8,66,5,5.7,56,7.7,Yes,Fail
STD-1068,Female,23,2.8,75,10,6.4,50,6.8,Yes,Pass
STD-1069,Female,23,3.9,61,7,6.6,75,2.7,Yes,Pass
STD-1070,Female,21,2.9,63,4,8.9,52,9.0,No,Fail
STD-1071,Female,17,6.1,53,6,5.6,88,1.6,Yes,Pass
STD-1072,Male,17,1.2,97,3,6.3,81,5.0,Yes,Fail
STD-1073,Female,22,3.7,88,7,9.8,71,1.0,Yes,Pass
STD-1074,Female,16,6.4,54,2,4.9,83,2.0,Yes,Fail
STD-1075,Male,19,0.5,48,3,7.4,42,6.8,No,Fail
STD-1076,Female,18,5.7,47,1,4.4,73,9.5,Yes,Pass
STD-1077,Female,23,0.6,59,7,5.7,60,6.8,Yes,Fail
STD-1078,Female,16,4.6,41,6,8.2,59,1.5,No,Pass
STD-1079,Female,21,2.2,67,5,5.4,42,7.3,Yes,Fail
STD-1080,Male,18,0.6,58,8,4.4,71,9.7,No,Pass
STD-1081,Male,22,2.2,88,4,4.7,79,5.5,No,Pass
STD-1082,Male,21,7.3,43,9,4.9,65,1.5,Yes,Pass
STD-1083,Male,17,5.8,51,6,6.7,85,9.0,No,Pass
STD-1084,Female,20,1.9,81,8,8.5,42,3.8,No,Fail
STD-1085,Male,21,1.8,40,1,5.7,62,4.8,No,Fail
STD-1086,Female,18,6.3,59,6,4.5,85,5.3,No,Pass
STD-1087,Female,15,3.2,97,7,4.2,66,3.2,No,Pass
STD-1088,Female,19,0.8,44,0,5.5,87,1.6,No,Fail
STD-1089,Female,15,7.7,79,0,5.6,85,7.2,Yes,Pass
STD-1090,Female,21,0.7,54,1,6.9,69,9.6,No,Pass
STD-1091,Male,18,1.5,71,2,4.1,87,3.7,No,Fail
STD-1092,Male,18,7.0,69,5,8.7,78,1.7,No,Pass
STD-1093,Male,16,1.0,42,7,7.3,60,2.4,No,Pass
STD-1094,Male,21,5.2,53,1,6.5,85,9.7,No,Pass
STD-1095,Female,19,5.2,83,3,8.5,94,8.0,No,Pass
STD-1096,Male,17,4.8,63,4,8.4,52,5.0,No,Pass
STD-1097,Male,16,7.1,77,3,6.0,65,3.3,No,Pass
STD-1098,Female,15,7.9,46,0,6.8,92,3.1,No,Pass
STD-1099,Female,23,2.2,43,3,7.6,92,6.2,Yes,Fail
STD-1100,Female,18,3.9,56,10,9.7,46,6.7,Yes,Fail
STD-1101,Male,15,3.3,49,0,5.2,56,1.3,No,Fail
STD-1102,Female,16,3.6,63,2,7.7,44,2.8,No,Fail
STD-1103,Female,19,1.3,65,10,7.3,80,5.8,No,Fail
STD-1104,Female,21,7.9,82,4,6.5,43,3.8,No,Pass
STD-1105,Male,21,0.6,89,5,7.9,65,7.6,Yes,Pass
STD-1106,Male,15,3.7,92,1,6.4,63,5.1,Yes,Pass
STD-1107,Male,17,5.3,98,6,4.5,79,9.3,No,Pass
STD-1108,Male,19,2.6,73,2,9.6,46,4.5,Yes,Fail
STD-1109,Male,18,6.8,42,7,5.9,78,9.3,No,Pass
STD-1110,Male,21,5.1,52,7,5.1,53,1.4,No,Fail
STD-1111,Female,16,1.4,55,3,4.2,75,8.6,No,Fail
STD-1112,Female,21,5.0,75,10,8.7,81,4.8,No,Pass
STD-1113,Female,22,3.9,68,2,4.1,79,9.9,Yes,Pass
STD-1114,Female,23,6.6,65,1,4.4,62,4.9,Yes,Pass
STD-1115,Male,23,0.8,48,1,9.5,60,8.0,No,Fail
STD-1116,Male,18,5.4,90,2,4.2,44,10.0,Yes,Pass
STD-1117,Male,16,7.9,71,4,9.7,90,2.5,No,Fail
STD-1118,Male,19,5.1,56,2,5.9,79,3.5,No,Fail
STD-1119,Female,17,2.1,56,9,7.0,60,4.4,No,Pass
STD-1120,Male,20,5.6,97,6,5.0,90,3.4,No,Pass
STD-1121,Female,19,4.7,77,1,5.5,74,6.7,No,Pass
STD-1122,Male,19,7.9,76,2,6.2,88,1.7,No,Pass
STD-1123,Male,17,2.8,95,9,9.6,60,7.6,No,Fail
STD-1124,Male,15,5.1,67,6,7.1,43,2.2,Yes,Pass
STD-1125,Female,17,0.5,62,4,4.6,62,5.8,Yes,Pass
STD-1126,Male,22,3.2,93,7,5.0,40,9.4,Yes,Pass
STD-1127,Male,23,1.0,49,10,8.7,65,8.3,No,Fail
STD-1128,Male,15,5.0,77,7,7.6,73,7.6,Yes,Pass
STD-1129,Male,17,4.5,65,2,5.4,43,9.2,No,Pass
STD-1130,Female,16,2.0,78,10,7.0,81,4.7,No,Pass
STD-1131,Female,16,5.2,96,7,8.3,40,4.4,No,Pass
STD-1132,Female,15,1.8,46,4,5.4,42,2.1,No,Fail
STD-1133,Male,16,5.3,83,6,8.1,73,9.7,Yes,Pass
STD-1134,Female,18,1.8,97,3,9.1,52,9.5,No,Fail
STD-1135,Female,22,3.0,55,6,9.4,80,9.3,Yes,Fail
STD-1136,Male,17,6.9,67,3,7.4,59,8.1,Yes,Pass
STD-1137,Male,15,0.7,47,1,7.7,50,4.1,Yes,Pass
STD-1138,Female,18,1.5,81,10,4.3,44,7.6,Yes,Pass
STD-1139,Male,19,7.1,88,6,4.6,53,2.8,No,Pass
STD-1140,Female,19,1.2,46,10,5.2,60,4.0,No,Pass
STD-1141,Female,15,0.9,88,5,9.5,89,9.7,No,Pass
STD-1142,Male,19,0.7,73,1,6.1,85,1.4,Yes,Fail
STD-1143,Female,16,3.8,73,3,5.7,88,9.8,No,Pass
STD-1144,Female,17,5.7,92,2,9.8,77,4.1,No,Pass
STD-1145,Female,23,6.6,100,3,7.0,47,9.4,Yes,Fail
STD-1146,Female,15,5.2,62,1,6.4,65,9.0,No,Pass
STD-1147,Male,22,2.0,56,6,9.4,72,2.5,Yes,Fail
STD-1148,Female,23,4.5,88,9,7.9,62,6.2,No,Pass
STD-1149,Male,23,1.8,68,4,7.5,48,4.0,Yes,Fail
STD-1150,Female,17,2.5,88,9,4.9,49,9.8,Yes,Fail
STD-1151,Male,18,3.0,52,4,9.9,86,10.0,No,Pass
STD-1152,Male,19,1.6,49,4,8.4,67,3.5,Yes,Pass
STD-1153,Female,22,7.1,69,0,4.1,94,8.1,Yes,Pass
STD-1154,Female,18,1.6,78,6,4.0,55,9.2,Yes,Pass
STD-1155,Female,18,5.6,81,1,6.7,60,3.3,No,Pass
STD-1156,Female,23,5.8,80,2,5.5,67,5.3,Yes,Pass
STD-1157,Female,23,7.2,60,0,6.3,71,9.2,Yes,Pass
STD-1158,Male,22,1.7,90,3,7.1,46,8.6,Yes,Pass
STD-1159,Male,21,5.3,93,5,7.1,66,7.7,Yes,Pass
STD-1160,Male,16,6.0,79,5,7.8,56,3.5,No,Pass
STD-1161,Female,23,7.4,80,10,6.1,56,2.0,Yes,Pass
STD-1162,Male,22,8.0,65,7,5.3,48,9.4,Yes,Pass
STD-1163,Female,19,6.6,49,5,8.0,93,8.4,Yes,Fail
STD-1164,Female,21,6.3,70,5,8.7,54,3.4,Yes,Pass
STD-1165,Female,16,4.1,91,4,6.1,81,3.7,No,Pass
STD-1166,Male,23,1.6,59,6,4.3,92,6.1,No,Pass
STD-1167,Male,17,5.2,40,10,4.1,44,6.9,Yes,Pass
STD-1168,Male,16,1.9,68,5,8.7,53,9.1,No,Fail
STD-1169,Male,23,2.0,84,3,7.2,87,8.6,Yes,Pass
STD-1170,Male,22,2.5,54,2,6.8,75,1.5,Yes,Pass
STD-1171,Female,19,4.2,74,9,9.2,40,2.4,No,Pass
STD-1172,Male,15,3.3,66,10,4.5,80,4.2,No,Pass
STD-1173,Female,17,6.6,46,8,6.9,88,9.1,No,Pass
STD-1174,Male,19,1.2,82,5,6.0,89,5.7,No,Fail
STD-1175,Female,20,3.1,56,8,4.3,58,3.6,No,Fail
STD-1176,Female,17,7.0,62,3,7.9,90,2.1,Yes,Pass
STD-1177,Female,16,6.4,42,6,8.3,65,5.9,Yes,Pass
STD-1178,Female,17,0.8,92,7,7.7,82,1.5,Yes,Pass
STD-1179,Male,21,2.1,82,10,6.7,88,2.6,Yes,Pass
STD-1180,Female,19,7.4,81,0,6.2,92,2.2,Yes,Pass
STD-1181,Female,23,3.7,60,0,6.6,81,6.2,Yes,Fail
STD-1182,Female,17,6.7,89,6,7.5,65,5.0,No,Pass
STD-1183,Male,21,6.3,75,1,4.5,70,2.9,Yes,Pass
STD-1184,Male,22,0.6,82,1,9.9,94,1.8,Yes,Fail
STD-1185,Male,16,2.6,76,3,6.7,87,2.7,No,Pass
STD-1186,Male,15,5.2,85,7,6.8,56,9.2,Yes,Pass
STD-1187,Male,22,0.6,81,10,8.9,45,4.5,Yes,Pass
STD-1188,Male,20,2.9,100,9,8.4,70,7.1,Yes,Pass
STD-1189,Female,19,5.2,66,7,6.3,90,5.1,No,Pass
STD-1190,Male,19,1.0,81,9,6.0,78,7.5,No,Pass
STD-1191,Female,19,7.8,55,6,6.3,64,6.4,Yes,Fail
STD-1192,Female,17,2.9,57,6,4.9,92,7.9,Yes,Fail
STD-1193,Female,21,2.6,94,8,8.1,71,4.1,Yes,Pass
STD-1194,Male,19,6.4,86,3,5.9,43,7.1,Yes,Pass
STD-1195,Female,23,6.4,69,8,4.5,91,4.2,No,Pass
STD-1196,Male,17,7.1,73,5,6.9,77,2.8,No,Pass
STD-1197,Female,20,3.2,76,5,6.4,73,8.7,Yes,Pass
STD-1198,Male,16,3.3,69,1,4.9,78,1.3,Yes,Pass
STD-1199,Female,21,2.0,95,9,6.9,76,2.9,Yes,Fail
STD-1200,Male,17,7.6,89,9,8.9,48,3.3,No,Pass
STD-1201,Male,21,1.1,43,0,7.3,95,7.4,Yes,Pass
STD-1202,Female,17,5.8,45,4,5.9,54,6.8,No,Fail
STD-1203,Female,15,6.9,63,3,10.0,54,2.5,Yes,Fail
STD-1204,Female,15,6.8,43,4,8.7,85,7.7,Yes,Fail
STD-1205,Female,16,1.6,88,0,9.6,83,7.7,No,Pass
STD-1206,Male,15,2.9,56,6,4.7,70,4.4,No,Pass
STD-1207,Female,17,5.9,52,0,4.9,93,3.0,No,Fail
STD-1208,Female,18,7.7,99,6,9.1,80,1.7,No,Fail
STD-1209,Male,22,1.4,63,2,6.0,87,1.5,Yes,Fail
STD-1210,Male,19,2.5,66,3,4.9,57,6.1,No,Pass
STD-1211,Male,23,1.3,69,7,4.7,72,1.5,No,Fail
STD-1212,Male,18,6.8,47,4,8.5,63,4.9,Yes,Pass
STD-1213,Male,22,3.4,66,2,4.3,86,9.8,No,Pass
STD-1214,Male,21,4.3,68,0,8.7,73,3.6,Yes,Pass
STD-1215,Male,16,2.6,51,2,9.1,73,7.9,Yes,Fail
STD-1216,Male,19,7.2,86,7,8.6,51,2.9,Yes,Pass
STD-1217,Female,20,0.6,84,8,6.4,86,9.2,No,Pass
STD-1218,Female,18,6.8,95,7,4.5,66,9.2,Yes,Pass
STD-1219,Female,23,4.7,63,0,5.0,63,6.2,No,Fail
STD-1220,Female,21,7.8,44,1,6.1,55,8.3,Yes,Fail
STD-1221,Male,18,2.7,46,7,6.7,41,5.8,Yes,Fail
STD-1222,Male,16,2.2,51,2,4.6,56,6.0,Yes,Fail
STD-1223,Male,20,2.5,93,9,7.8,69,5.7,Yes,Pass
STD-1224,Male,16,5.9,42,4,4.7,71,6.3,Yes,Fail
STD-1225,Female,21,3.5,48,8,7.6,95,3.0,Yes,Fail
STD-1226,Male,21,7.6,41,10,6.3,66,6.4,Yes,Pass
STD-1227,Female,21,6.3,61,6,5.4,61,7.4,Yes,Fail
STD-1228,Male,20,2.9,49,10,9.6,55,8.8,Yes,Fail
STD-1229,Female,21,4.5,44,5,6.6,72,7.0,No,Pass
STD-1230,Female,23,5.2,91,0,4.2,81,6.6,Yes,Pass
STD-1231,Male,19,5.2,56,1,7.1,67,3.1,No,Pass
STD-1232,Male,22,5.4,47,0,7.6,72,9.1,Yes,Pass
STD-1233,Male,23,4.3,96,4,9.5,76,3.6,No,Pass
STD-1234,Female,23,6.8,79,9,5.3,64,2.8,No,Pass
STD-1235,Female,21,5.1,70,4,4.2,61,3.0,Yes,Pass
STD-1236,Male,19,7.4,50,3,5.9,60,5.4,Yes,Pass
STD-1237,Female,22,6.3,50,8,4.4,95,4.1,No,Pass
STD-1238,Female,20,6.0,46,8,5.4,83,7.6,Yes,Pass
STD-1239,Female,19,5.6,79,9,9.1,92,8.6,Yes,Pass
STD-1240,Male,21,3.6,46,0,6.5,75,6.3,No,Pass
STD-1241,Female,19,7.0,78,1,6.3,68,7.2,No,Pass
STD-1242,Female,21,3.4,75,9,6.3,60,1.1,No,Fail
STD-1243,Male,20,2.8,74,4,8.8,67,6.2,No,Fail
STD-1244,Male,15,7.8,78,3,9.8,53,9.7,Yes,Fail
STD-1245,Female,23,2.4,97,7,5.8,74,8.0,No,Pass
STD-1246,Male,23,3.4,62,0,7.6,62,5.1,Yes,Pass
STD-1247,Male,21,1.2,63,8,6.4,75,9.4,No,Pass
STD-1248,Male,17,3.5,89,9,9.4,77,4.1,No,Pass
STD-1249,Female,23,2.9,44,4,7.1,47,6.9,No,Pass
STD-1250,Male,15,5.2,73,4,8.9,53,5.5,Yes,Pass
STD-1251,Female,23,3.1,80,10,8.3,84,4.7,Yes,Pass
STD-1252,Female,23,7.4,65,1,7.5,82,1.3,Yes,Pass
STD-1253,Male,16,4.8,66,9,4.7,50,5.7,Yes,Pass
STD-1254,Male,20,1.8,73,7,8.9,79,4.9,Yes,Fail
STD-1255,Male,20,5.9,62,4,5.0,57,6.7,Yes,Fail
STD-1256,Female,15,3.9,64,0,4.3,65,6.2,Yes,Fail
STD-1257,Female,19,2.4,42,2,9.6,94,2.6,No,Pass
STD-1258,Male,21,5.0,96,7,9.9,44,3.2,No,Pass
STD-1259,Female,21,3.5,85,7,4.1,95,3.2,Yes,Pass
STD-1260,Female,20,0.6,96,4,6.4,63,2.0,No,Pass
STD-1261,Female,19,5.4,47,6,9.0,62,6.0,No,Pass
STD-1262,Male,16,2.3,42,4,8.0,61,8.2,Yes,Pass
STD-1263,Male,20,2.5,93,2,7.3,69,8.5,No,Fail
STD-1264,Male,18,2.1,65,6,7.8,77,2.9,No,Fail
STD-1265,Male,21,5.6,100,4,7.6,68,6.3,Yes,Pass
STD-1266,Female,15,1.4,88,1,8.1,45,5.9,Yes,Pass
STD-1267,Male,16,2.8,64,1,8.2,89,8.7,No,Pass
STD-1268,Male,21,6.5,88,4,5.2,85,3.8,No,Pass
STD-1269,Female,17,3.2,94,7,8.6,80,8.8,Yes,Pass
STD-1270,Female,18,3.2,91,10,8.1,66,1.2,No,Pass
STD-1271,Male,15,3.1,80,1,5.1,47,3.4,No,Fail
STD-1272,Female,17,0.8,50,6,5.2,59,2.4,Yes,Fail
STD-1273,Male,16,4.8,85,8,5.5,67,7.0,No,Pass
STD-1274,Male,20,7.3,96,9,7.6,43,9.8,Yes,Pass
STD-1275,Male,19,6.3,62,1,6.5,87,4.5,Yes,Pass
STD-1276,Female,23,3.1,100,6,6.7,61,7.2,Yes,Fail
STD-1277,Male,15,5.6,53,6,8.0,94,9.4,No,Pass
STD-1278,Female,20,1.8,50,10,5.4,56,3.2,No,Pass
STD-1279,Male,18,1.2,80,4,4.8,83,7.4,Yes,Pass
STD-1280,Male,18,4.4,68,2,9.6,62,7.3,No,Pass
STD-1281,Female,21,5.2,47,8,6.5,50,7.1,Yes,Pass
STD-1282,Female,18,1.4,58,0,6.2,53,1.4,Yes,Fail
STD-1283,Male,23,5.8,68,1,5.0,68,5.2,Yes,Pass
STD-1284,Female,16,0.8,69,7,4.5,85,4.0,No,Fail
STD-1285,Female,19,7.7,71,3,8.7,60,1.1,Yes,Fail
STD-1286,Male,23,1.1,87,0,4.2,65,8.6,Yes,Pass
STD-1287,Female,20,1.3,86,4,8.5,60,4.4,Yes,Fail
STD-1288,Female,15,3.3,75,5,9.0,56,3.2,Yes,Pass
STD-1289,Male,17,4.2,71,2,10.0,78,6.2,Yes,Pass
STD-1290,Female,15,3.8,65,1,9.9,94,5.0,Yes,Pass
STD-1291,Female,20,6.8,94,8,6.6,58,1.6,Yes,Pass
STD-1292,Female,18,3.8,82,2,9.4,50,4.4,No,Pass
STD-1293,Female,16,1.1,60,8,6.8,74,9.2,Yes,Fail
STD-1294,Female,17,5.9,61,9,8.0,76,6.1,No,Fail
STD-1295,Male,17,7.0,73,10,4.2,52,3.0,No,Fail
STD-1296,Male,18,4.7,100,6,6.2,55,6.1,Yes,Pass
STD-1297,Male,18,7.8,52,8,8.5,54,8.8,No,Pass
STD-1298,Male,21,5.8,54,8,6.7,74,6.2,Yes,Pass
STD-1299,Male,22,6.5,48,8,7.3,85,8.5,No,Fail
STD-1300,Male,21,4.6,52,9,6.9,45,2.2,Yes,Fail
STD-1301,Male,21,0.9,42,0,8.2,53,5.1,Yes,Pass
STD-1302,Female,15,5.2,95,3,7.4,86,8.8,No,Pass
STD-1303,Female,16,1.4,63,8,8.4,62,7.5,No,Pass
STD-1304,Female,15,4.6,91,9,4.7,83,3.2,No,Pass
STD-1305,Female,21,1.4,41,7,4.7,91,3.3,Yes,Pass
STD-1306,Male,15,4.9,56,8,10.0,88,8.3,No,Fail
STD-1307,Male,21,8.0,71,8,6.9,42,8.2,No,Pass
STD-1308,Female,20,7.8,84,7,6.4,95,9.6,Yes,Pass
STD-1309,Female,20,2.8,48,9,7.7,53,2.5,No,Pass
STD-1310,Male,22,3.4,62,5,4.0,77,5.4,Yes,Pass
STD-1311,Female,20,5.2,86,10,4.9,64,3.5,Yes,Pass
STD-1312,Male,20,7.9,42,8,9.4,46,8.9,No,Fail
STD-1313,Female,23,6.4,55,2,8.1,59,9.7,Yes,Pass
STD-1314,Female,23,3.1,75,6,6.0,85,4.0,No,Pass
STD-1315,Female,21,7.2,91,3,10.0,49,2.2,No,Pass
STD-1316,Female,19,3.5,89,4,9.6,77,1.6,No,Pass
STD-1317,Female,20,1.1,52,9,9.5,77,2.6,No,Pass
STD-1318,Female,23,5.9,99,1,9.0,60,9.1,Yes,Pass
STD-1319,Male,19,6.2,80,4,5.4,41,3.0,Yes,Pass
STD-1320,Female,17,2.0,86,0,9.8,78,1.4,Yes,Pass
STD-1321,Female,20,1.9,74,10,9.3,80,3.9,Yes,Pass
STD-1322,Male,16,5.4,65,9,8.1,61,2.6,No,Pass
STD-1323,Female,20,6.3,78,6,5.5,69,8.9,Yes,Pass
STD-1324,Male,20,3.6,85,5,4.9,41,2.4,No,Pass
STD-1325,Female,18,3.7,74,10,7.5,75,2.4,No,Fail
STD-1326,Female,23,6.6,70,0,8.7,59,6.9,No,Pass
STD-1327,Female,17,3.2,73,4,4.8,40,6.0,Yes,Pass
STD-1328,Male,19,3.5,45,0,7.7,47,1.5,No,Fail
STD-1329,Male,20,6.0,97,2,9.2,94,9.3,Yes,Pass
STD-1330,Male,20,3.8,95,7,5.3,62,9.1,Yes,Pass
STD-1331,Female,15,1.3,86,0,4.4,81,9.2,Yes,Pass
STD-1332,Male,19,4.7,66,6,9.7,80,8.7,No,Pass
STD-1333,Female,18,2.3,62,3,6.0,67,6.8,Yes,Pass
STD-1334,Female,15,4.1,99,4,9.7,48,8.4,No,Pass
STD-1335,Male,18,7.0,55,2,5.9,79,6.4,No,Pass
STD-1336,Male,16,0.8,89,7,5.1,95,2.3,Yes,Fail
STD-1337,Male,22,7.8,40,2,9.5,49,5.5,No,Pass
STD-1338,Male,18,1.2,61,10,9.5,85,4.6,Yes,Pass
STD-1339,Male,15,6.4,84,0,4.2,72,6.4,Yes,Pass
STD-1340,Female,15,7.9,60,1,9.3,47,9.6,Yes,Fail
STD-1341,Female,22,2.2,74,2,7.8,74,5.5,Yes,Pass
STD-1342,Female,16,3.1,53,3,8.4,57,7.3,Yes,Pass
STD-1343,Male,22,2.0,43,6,8.7,63,3.4,No,Pass
STD-1344,Female,20,4.6,84,6,9.9,95,7.7,No,Pass
STD-1345,Male,18,3.4,49,6,8.6,66,8.2,No,Fail
STD-1346,Male,15,5.7,86,6,9.9,92,2.8,No,Pass
STD-1347,Male,22,5.7,60,10,7.9,75,7.0,No,Pass
STD-1348,Female,20,4.3,77,8,10.0,55,8.4,Yes,Pass
STD-1349,Male,19,3.5,73,4,7.7,83,8.4,No,Pass
STD-1350,Male,23,7.3,70,5,7.1,70,6.1,No,Fail
STD-1351,Female,17,4.4,73,2,8.9,55,7.1,Yes,Pass
STD-1352,Female,20,2.9,63,6,4.7,49,7.3,No,Fail
STD-1353,Female,17,3.9,45,4,6.4,68,7.3,Yes,Pass
STD-1354,Female,21,0.5,48,5,6.9,82,3.1,No,Pass
STD-1355,Female,20,0.6,52,0,7.4,43,6.3,No,Fail
STD-1356,Male,21,2.3,93,7,4.5,80,5.4,No,Pass
STD-1357,Female,21,5.1,63,0,8.3,64,4.3,No,Pass
STD-1358,Male,20,5.4,91,4,6.1,64,8.6,Yes,Pass
STD-1359,Female,15,5.5,61,1,4.5,68,4.4,Yes,Pass
STD-1360,Male,22,4.9,69,7,8.2,67,4.7,No,Pass
STD-1361,Female,23,4.2,72,0,8.0,87,2.8,No,Pass
STD-1362,Male,16,6.3,89,7,4.7,54,8.6,No,Pass
STD-1363,Female,22,1.2,88,3,7.4,43,8.4,Yes,Pass
STD-1364,Male,20,4.6,87,6,9.1,48,10.0,No,Fail
STD-1365,Female,19,1.9,40,2,9.9,57,5.7,No,Pass
STD-1366,Female,23,4.7,72,6,8.1,59,3.7,No,Fail
STD-1367,Female,17,2.8,48,0,5.2,81,4.4,No,Pass
STD-1368,Female,15,7.5,61,3,6.7,85,6.0,Yes,Pass
STD-1369,Male,22,3.6,76,5,4.2,54,8.2,No,Pass
STD-1370,Male,15,7.5,68,3,9.3,43,2.6,Yes,Fail
STD-1371,Male,22,7.0,44,9,7.0,40,9.3,Yes,Pass
STD-1372,Male,23,5.6,83,4,8.8,74,8.5,Yes,Pass
STD-1373,Female,21,4.0,52,1,9.7,66,3.0,Yes,Fail
STD-1374,Female,23,7.0,99,2,4.3,93,5.0,Yes,Pass
STD-1375,Male,21,2.8,56,5,7.3,53,2.4,Yes,Fail
STD-1376,Female,17,3.0,49,10,5.7,81,5.9,Yes,Pass
STD-1377,Male,23,3.7,83,6,4.7,93,4.2,Yes,Pass
STD-1378,Male,22,2.7,62,0,8.5,71,9.0,No,Fail
STD-1379,Male,19,7.0,78,9,7.2,45,2.8,Yes,Pass
STD-1380,Female,20,4.9,46,0,6.1,49,6.9,No,Pass
STD-1381,Female,16,4.1,61,5,5.1,90,8.5,Yes,Fail
STD-1382,Female,17,6.4,78,6,6.8,42,1.4,No,Pass
STD-1383,Male,20,4.8,62,1,6.2,82,7.6,Yes,Pass
STD-1384,Male,17,6.8,95,7,5.8,56,1.8,No,Pass
STD-1385,Female,20,2.5,74,1,5.9,55,2.5,Yes,Fail
STD-1386,Male,16,2.6,75,3,9.9,55,7.5,Yes,Fail
STD-1387,Male,16,1.3,43,7,8.8,84,6.1,Yes,Fail
STD-1388,Male,16,1.7,56,0,6.5,79,5.7,Yes,Pass
STD-1389,Female,16,2.3,78,8,8.3,43,8.4,Yes,Pass
STD-1390,Male,15,2.1,89,2,8.9,61,1.8,No,Fail
STD-1391,Male,17,7.6,66,6,4.2,90,3.2,No,Pass
STD-1392,Male,22,6.3,53,3,9.5,83,4.0,Yes,Fail
STD-1393,Male,20,4.2,89,5,9.4,88,6.4,No,Pass
STD-1394,Female,17,1.2,85,5,7.5,91,9.7,No,Pass
STD-1395,Male,21,6.7,99,4,9.4,87,5.2,No,Pass
STD-1396,Male,16,6.7,90,8,5.8,77,5.8,No,Pass
STD-1397,Female,15,6.1,94,3,5.4,77,5.1,No,Pass
STD-1398,Male,18,5.5,65,10,8.1,61,8.4,No,Pass
STD-1399,Male,22,5.5,97,6,8.8,40,3.7,No,Pass
STD-1400,Female,15,3.6,59,7,4.9,74,2.9,No,Pass
STD-1401,Male,16,3.0,57,2,8.2,68,4.7,Yes,Fail
STD-1402,Male,20,5.6,42,6,8.9,51,4.5,Yes,Pass
STD-1403,Male,17,2.2,96,9,9.3,65,3.8,No,Pass
STD-1404,Female,20,4.5,40,2,4.6,55,5.1,Yes,Fail
STD-1405,Female,16,7.9,87,8,8.0,48,9.4,No,Pass
STD-1406,Male,22,3.8,58,5,5.8,85,6.7,No,Pass
STD-1407,Female,23,3.2,41,0,9.3,83,2.1,Yes,Pass
STD-1408,Female,17,6.0,87,7,4.2,60,5.3,Yes,Pass
STD-1409,Female,18,4.9,76,8,4.3,65,2.6,No,Pass
STD-1410,Female,22,6.3,41,6,7.3,66,6.8,No,Fail
STD-1411,Female,17,5.7,57,5,5.0,76,5.5,Yes,Pass
STD-1412,Male,19,4.4,96,0,5.0,87,5.7,No,Pass
STD-1413,Female,21,6.3,63,2,5.6,70,2.8,Yes,Pass
STD-1414,Male,22,5.6,63,6,5.9,90,9.7,No,Pass
STD-1415,Female,16,5.3,89,5,4.3,57,7.8,No,Pass
STD-1416,Female,15,3.4,85,6,7.2,58,8.7,Yes,Pass
STD-1417,Male,16,4.5,84,9,5.8,78,9.5,Yes,Pass
STD-1418,Male,16,6.2,83,6,9.0,85,2.0,No,Pass
STD-1419,Male,17,3.5,100,5,6.4,71,8.3,No,Pass
STD-1420,Male,23,5.5,97,4,4.8,61,7.1,Yes,Pass
STD-1421,Male,17,6.9,82,3,7.5,65,2.9,Yes,Pass
STD-1422,Female,19,5.5,88,3,7.0,58,9.1,Yes,Pass
STD-1423,Female,18,5.4,96,6,7.7,57,7.4,Yes,Fail
STD-1424,Male,16,2.8,63,10,7.4,91,1.7,No,Pass
STD-1425,Female,23,2.1,69,10,8.6,68,3.5,Yes,Pass
STD-1426,Female,23,0.8,92,7,4.7,54,3.6,Yes,Fail
STD-1427,Male,17,2.1,90,3,5.7,91,6.2,Yes,Fail
STD-1428,Male,21,6.6,57,6,6.2,80,3.5,No,Pass
STD-1429,Female,23,4.3,77,6,5.4,95,8.9,No,Pass
STD-1430,Female,18,5.4,56,1,7.9,76,2.2,No,Pass
STD-1431,Male,22,5.1,47,6,5.0,88,2.7,Yes,Pass
STD-1432,Female,15,6.4,87,3,8.6,52,6.0,Yes,Pass
STD-1433,Female,23,1.0,53,6,4.1,95,6.8,No,Fail
STD-1434,Male,20,5.2,76,10,5.9,62,3.8,No,Pass
STD-1435,Female,22,7.2,91,7,8.6,61,2.0,Yes,Pass
STD-1436,Female,23,7.3,90,5,6.9,92,9.8,No,Pass
STD-1437,Female,21,2.1,56,10,4.1,52,7.4,Yes,Fail
STD-1438,Female,15,6.6,93,6,4.8,40,2.0,Yes,Pass
STD-1439,Male,20,6.6,90,1,6.8,42,2.8,No,Pass
STD-1440,Male,20,5.2,96,7,6.9,80,9.1,No,Pass
STD-1441,Female,16,7.1,46,9,9.3,52,5.0,Yes,Pass
STD-1442,Female,22,7.0,50,6,7.9,95,7.4,Yes,Pass
STD-1443,Male,15,1.4,71,9,6.3,84,3.1,No,Fail
STD-1444,Male,15,4.7,87,3,7.8,87,6.8,Yes,Pass
STD-1445,Female,19,4.0,65,3,9.6,54,8.0,Yes,Pass
STD-1446,Male,17,1.7,41,7,8.5,46,7.8,Yes,Fail
STD-1447,Female,15,6.6,50,9,7.1,46,5.6,Yes,Fail
STD-1448,Male,15,6.9,75,10,8.9,72,6.1,No,Pass
STD-1449,Female,18,3.9,82,0,7.4,53,1.2,Yes,Fail
STD-1450,Female,16,5.8,87,3,8.0,47,6.5,Yes,Pass
STD-1451,Male,22,6.0,94,1,4.5,57,3.7,No,Fail
STD-1452,Male,23,6.3,40,1,4.4,47,7.1,No,Fail
STD-1453,Male,15,3.9,66,9,7.4,53,9.2,Yes,Fail
STD-1454,Male,17,5.9,41,10,8.1,94,9.2,No,Pass
STD-1455,Female,16,3.8,85,2,5.5,59,8.6,Yes,Pass
STD-1456,Female,19,3.8,100,10,7.9,70,7.9,Yes,Pass
STD-1457,Female,15,0.6,74,0,6.0,74,9.0,Yes,Fail
STD-1458,Female,20,7.2,90,1,7.2,46,1.3,No,Fail
STD-1459,Male,21,1.0,47,7,5.0,73,1.5,Yes,Fail
STD-1460,Male,17,5.4,53,4,8.5,40,7.4,No,Pass
STD-1461,Male,18,5.1,50,4,8.5,55,4.1,No,Fail
STD-1462,Female,19,5.1,81,10,8.4,49,6.9,Yes,Pass
STD-1463,Female,23,1.0,44,8,4.1,63,1.7,No,Pass
STD-1464,Male,22,7.4,68,2,9.4,56,3.7,Yes,Pass
STD-1465,Male,16,7.0,69,5,5.9,53,1.3,Yes,Fail
STD-1466,Male,17,6.5,82,5,5.7,40,8.6,No,Pass
STD-1467,Female,16,5.5,51,0,4.9,46,8.5,Yes,Pass
STD-1468,Male,17,1.0,58,0,5.6,48,9.4,No,Fail
STD-1469,Male,19,6.4,56,5,6.2,73,7.0,No,Fail
STD-1470,Male,22,7.5,41,3,7.9,54,7.9,No,Fail
STD-1471,Female,22,7.0,43,1,8.0,93,4.3,No,Pass
STD-1472,Male,18,1.4,69,8,8.3,45,4.6,No,Fail
STD-1473,Female,23,3.8,47,3,4.4,63,5.0,Yes,Pass
STD-1474,Female,16,1.0,54,7,8.5,76,6.5,Yes,Fail
STD-1475,Male,16,7.6,73,0,5.4,50,5.6,No,Pass
STD-1476,Female,16,2.5,99,7,8.7,48,1.7,Yes,Pass
STD-1477,Male,23,2.6,90,5,4.4,85,9.9,Yes,Pass
STD-1478,Male,22,5.2,91,8,9.4,81,5.2,Yes,Pass
STD-1479,Female,17,5.4,49,6,8.8,60,7.7,Yes,Fail
STD-1480,Male,18,0.6,69,1,6.7,94,1.3,No,Pass
STD-1481,Female,22,6.1,77,3,9.6,65,1.2,Yes,Pass
STD-1482,Male,18,1.0,63,8,9.1,87,5.4,No,Fail
STD-1483,Female,21,2.0,90,7,5.6,88,3.9,Yes,Pass
STD-1484,Female,22,4.8,89,2,5.4,93,1.0,No,Pass
STD-1485,Female,17,4.7,85,6,4.8,55,6.1,Yes,Pass
STD-1486,Male,16,8.0,48,9,5.9,88,1.5,No,Pass
STD-1487,Female,16,6.4,56,9,8.0,95,2.4,Yes,Pass
STD-1488,Male,17,3.8,92,1,9.8,58,1.6,No,Fail
STD-1489,Female,18,1.1,64,4,8.8,81,7.4,No,Fail
STD-1490,Male,19,5.4,77,10,8.8,73,9.7,No,Pass
STD-1491,Male,15,1.9,84,4,7.9,66,4.3,No,Pass
STD-1492,Male,22,2.1,60,0,6.7,61,7.1,No,Fail
STD-1493,Male,18,6.4,54,6,4.5,53,5.9,No,Pass
STD-1494,Male,19,6.0,63,6,8.0,89,4.3,Yes,Fail
STD-1495,Female,23,0.8,48,6,7.7,81,1.7,No,Fail
STD-1496,Male,21,3.1,88,6,5.9,91,5.3,No,Pass
STD-1497,Male,20,1.4,80,4,9.0,81,2.8,No,Pass
STD-1498,Male,18,5.4,50,1,7.6,94,7.0,Yes,Fail
STD-1499,Male,18,5.0,66,8,5.6,44,8.2,Yes,Fail
STD-1500,Male,16,1.8,51,4,9.4,90,9.9,Yes,Pass
STD-1501,Female,19,7.8,49,7,6.0,73,4.1,No,Pass
STD-1502,Female,17,0.9,45,4,5.0,45,1.6,No,Pass
STD-1503,Female,21,3.1,71,2,5.1,75,8.2,No,Fail
STD-1504,Male,18,5.9,54,4,8.8,91,5.3,No,Pass
STD-1505,Male,15,6.5,90,3,7.7,92,7.0,Yes,Pass
STD-1506,Female,23,7.5,53,1,9.0,69,3.2,No,Pass
STD-1507,Female,18,5.9,41,3,8.3,54,5.6,Yes,Pass
STD-1508,Female,19,2.0,59,10,9.4,48,2.4,No,Pass
STD-1509,Female,23,2.9,86,4,4.3,78,3.8,Yes,Pass
STD-1510,Female,22,1.6,99,10,9.3,69,1.3,No,Pass
STD-1511,Male,22,6.3,46,10,4.4,64,4.9,No,Pass
STD-1512,Female,15,6.9,100,6,8.6,63,5.8,Yes,Pass
STD-1513,Male,16,6.3,45,10,9.5,48,1.3,No,Fail
STD-1514,Female,23,5.6,42,4,7.9,94,7.8,Yes,Fail
STD-1515,Male,23,1.6,84,1,8.3,87,1.5,Yes,Pass
STD-1516,Male,21,5.8,60,2,8.9,78,8.5,No,Pass
STD-1517,Female,21,5.8,63,1,9.3,69,9.7,No,Pass
STD-1518,Male,18,2.2,51,9,8.9,88,5.2,No,Fail
STD-1519,Male,20,1.3,92,8,6.0,55,1.2,No,Pass
STD-1520,Male,20,1.8,87,5,8.1,82,4.8,Yes,Fail
STD-1521,Female,19,6.4,56,9,4.2,42,9.6,No,Pass
STD-1522,Female,18,2.8,79,5,6.4,58,2.0,Yes,Pass
STD-1523,Female,21,7.9,86,2,8.5,92,3.8,No,Pass
STD-1524,Male,20,6.8,48,3,7.2,61,7.0,Yes,Pass
STD-1525,Female,20,6.9,87,10,7.3,43,8.1,No,Pass
STD-1526,Female,15,6.4,90,3,8.4,63,3.2,Yes,Pass
STD-1527,Female,19,2.2,44,9,4.4,87,1.5,No,Fail
STD-1528,Female,20,7.7,59,10,7.8,76,5.2,Yes,Pass
STD-1529,Male,18,5.0,93,8,4.4,68,4.7,Yes,Pass
STD-1530,Female,21,3.2,63,10,8.2,47,6.9,Yes,Fail
STD-1531,Female,16,5.9,67,1,5.1,58,8.4,Yes,Fail
STD-1532,Male,21,6.5,78,0,5.3,87,4.9,Yes,Pass
STD-1533,Male,17,3.0,61,8,8.4,51,5.4,No,Fail
STD-1534,Female,15,8.0,75,2,5.1,81,6.0,Yes,Fail
STD-1535,Female,17,2.1,41,8,9.1,85,9.1,Yes,Fail
STD-1536,Female,18,1.6,80,7,8.8,67,2.2,No,Pass
STD-1537,Male,18,2.1,80,7,4.3,89,1.1,No,Pass
STD-1538,Male,22,2.2,92,2,5.4,51,9.1,Yes,Pass
STD-1539,Male,16,2.5,93,6,9.6,43,5.4,No,Pass
STD-1540,Male,18,1.6,69,2,7.8,74,4.0,Yes,Fail
STD-1541,Female,16,1.7,66,5,7.7,59,3.8,Yes,Fail
STD-1542,Female,22,1.9,60,1,7.0,51,4.8,No,Fail
STD-1543,Female,21,4.0,52,7,7.6,49,5.5,Yes,Pass
STD-1544,Male,22,3.5,62,6,6.0,85,7.2,Yes,Pass
STD-1545,Female,19,0.8,90,7,6.1,80,7.4,Yes,Pass
STD-1546,Female,20,4.7,82,0,9.7,49,6.6,Yes,Pass
STD-1547,Male,15,3.1,100,2,7.3,65,6.9,No,Pass
STD-1548,Female,22,6.5,68,7,5.6,73,9.1,Yes,Pass
STD-1549,Female,16,3.0,64,9,7.7,90,8.7,No,Pass
STD-1550,Female,15,6.6,80,8,4.1,61,3.6,Yes,Pass
STD-1551,Male,16,1.9,43,2,4.9,54,3.0,Yes,Fail
STD-1552,Female,21,4.6,99,1,8.6,49,4.9,No,Pass
STD-1553,Male,15,1.2,95,2,7.6,59,1.3,Yes,Pass
STD-1554,Female,18,3.0,84,10,5.0,69,2.5,No,Pass
STD-1555,Male,17,1.4,94,6,6.0,66,3.3,Yes,Pass
STD-1556,Male,22,1.8,49,5,7.8,81,1.5,Yes,Fail
STD-1557,Male,15,3.9,96,0,7.6,61,6.9,Yes,Pass
STD-1558,Male,20,4.2,84,6,4.9,81,1.0,No,Pass
STD-1559,Male,20,5.8,52,9,6.3,82,4.7,No,Fail
STD-1560,Female,20,1.9,97,3,8.8,90,6.5,No,Pass
STD-1561,Male,22,6.5,61,2,7.4,74,5.4,Yes,Pass
STD-1562,Male,16,1.6,88,1,7.4,58,6.3,Yes,Pass
STD-1563,Female,16,1.3,57,1,7.6,67,5.0,No,Fail
STD-1564,Female,19,5.4,46,0,7.0,86,3.7,No,Pass
STD-1565,Female,22,2.0,72,8,10.0,67,7.9,No,Fail
STD-1566,Female,15,3.5,100,7,9.7,42,7.7,Yes,Pass
STD-1567,Female,15,3.1,94,6,9.1,56,8.3,Yes,Pass
STD-1568,Female,20,1.1,90,0,5.3,78,5.2,Yes,Fail
STD-1569,Male,18,7.7,81,1,7.9,93,5.5,No,Pass
STD-1570,Female,16,6.9,54,4,5.6,43,3.0,No,Fail
STD-1571,Male,21,4.5,94,7,5.3,66,9.2,Yes,Pass
STD-1572,Female,21,5.4,70,8,9.8,56,2.4,Yes,Pass
STD-1573,Female,20,7.4,97,7,6.8,57,6.1,Yes,Pass
STD-1574,Female,20,3.1,46,5,6.3,47,9.8,No,Pass
STD-1575,Female,22,4.8,51,5,8.6,60,2.8,No,Pass
STD-1576,Male,20,4.7,100,10,8.2,70,9.5,Yes,Pass
STD-1577,Female,15,5.0,59,4,9.8,55,7.4,Yes,Fail
STD-1578,Male,19,4.6,53,8,7.0,47,7.8,Yes,Pass
STD-1579,Male,19,7.9,83,9,8.3,40,3.4,No,Fail
STD-1580,Male,15,7.2,84,0,7.1,62,9.1,Yes,Pass
STD-1581,Female,21,7.9,97,3,4.6,47,3.4,No,Fail
STD-1582,Female,23,7.9,41,1,7.6,84,9.8,Yes,Pass
STD-1583,Female,17,3.7,95,10,4.1,41,9.9,No,Fail
STD-1584,Male,17,5.9,75,2,6.2,63,3.3,Yes,Pass
STD-1585,Female,21,1.3,90,1,5.0,72,6.1,No,Pass
STD-1586,Male,20,4.6,40,0,5.4,48,3.1,Yes,Fail
STD-1587,Male,15,6.3,93,7,7.5,67,4.0,No,Pass
STD-1588,Female,16,7.9,55,0,7.6,51,2.8,No,Pass
STD-1589,Male,17,5.4,67,4,4.4,89,9.4,No,Pass
STD-1590,Female,16,3.7,99,1,8.2,67,9.4,Yes,Pass
STD-1591,Male,23,6.6,90,0,5.7,42,4.0,No,Pass
STD-1592,Female,15,1.8,82,3,6.6,82,5.1,Yes,Pass
STD-1593,Female,18,5.5,46,3,6.4,74,7.2,No,Fail
STD-1594,Male,16,5.5,61,3,4.2,66,7.2,Yes,Pass
STD-1595,Female,18,0.9,52,4,9.5,46,4.4,Yes,Fail
STD-1596,Female,17,5.5,71,9,8.9,58,1.6,Yes,Pass
STD-1597,Male,16,1.0,67,2,8.0,41,7.3,Yes,Fail
STD-1598,Female,21,6.5,55,0,5.3,86,3.4,No,Pass
STD-1599,Male,17,1.7,68,7,5.1,48,1.8,No,Fail
STD-1600,Female,16,5.9,47,6,4.6,54,1.0,No,Pass
STD-1601,Male,19,8.0,60,8,9.2,77,5.0,Yes,Fail
STD-1602,Female,23,4.1,61,2,6.2,72,6.0,Yes,Fail
STD-1603,Male,22,4.3,66,6,8.0,51,1.4,No,Pass
STD-1604,Male,19,4.4,55,8,7.3,74,3.6,No,Pass
STD-1605,Female,16,2.9,83,3,8.4,95,4.2,No,Pass
STD-1606,Female,15,6.0,53,3,9.9,67,6.9,No,Pass
STD-1607,Female,18,4.6,61,5,6.5,67,9.7,No,Pass
STD-1608,Male,17,3.0,46,2,6.9,63,2.8,No,Fail
STD-1609,Male,17,6.9,95,7,5.7,49,3.8,No,Fail
STD-1610,Male,21,2.6,99,10,9.1,61,1.3,No,Pass
STD-1611,Female,19,1.9,89,5,7.1,47,9.1,Yes,Pass
STD-1612,Female,17,3.4,51,6,8.7,87,4.3,Yes,Fail
STD-1613,Male,18,5.2,52,3,4.1,83,6.2,Yes,Pass
STD-1614,Male,23,2.3,77,9,9.3,47,1.3,No,Pass
STD-1615,Male,16,1.4,53,7,5.9,66,9.2,No,Pass
STD-1616,Male,23,7.9,55,10,9.1,55,4.0,No,Pass
STD-1617,Male,17,2.5,89,7,6.8,40,1.5,No,Pass
STD-1618,Female,16,4.6,64,2,8.8,46,9.8,No,Fail
STD-1619,Female,23,4.0,53,0,4.4,45,2.7,No,Pass
STD-1620,Female,16,2.7,84,5,7.1,85,2.5,No,Pass
STD-1621,Female,19,2.7,74,3,5.3,64,4.2,Yes,Pass
STD-1622,Female,17,5.1,85,5,9.1,63,6.9,No,Pass
STD-1623,Female,15,5.6,47,5,5.0,41,9.6,Yes,Pass
STD-1624,Female,17,8.0,52,10,7.2,63,4.7,No,Pass
STD-1625,Female,23,6.6,43,0,6.3,60,7.1,No,Fail
STD-1626,Male,17,6.5,74,2,4.4,51,7.2,No,Pass
STD-1627,Female,19,2.7,74,2,8.3,86,6.5,Yes,Pass
STD-1628,Male,20,4.6,79,9,9.0,82,5.0,No,Pass
STD-1629,Male,19,3.9,50,0,7.9,46,1.7,Yes,Fail
STD-1630,Female,23,1.8,92,8,4.1,79,9.0,Yes,Pass
STD-1631,Female,16,7.0,52,5,9.4,61,6.4,Yes,Pass
STD-1632,Male,18,0.7,86,1,4.3,84,3.6,No,Pass
STD-1633,Female,16,5.0,57,8,9.6,91,1.5,No,Pass
STD-1634,Female,18,5.1,95,2,6.3,74,5.2,Yes,Pass
STD-1635,Male,18,2.6,87,8,5.5,84,3.8,No,Pass
STD-1636,Female,21,7.7,63,7,7.1,72,5.4,Yes,Pass
STD-1637,Male,22,1.7,71,10,9.6,50,5.7,Yes,Pass
STD-1638,Female,19,6.4,52,10,8.3,62,6.1,No,Fail
STD-1639,Male,19,5.3,70,4,6.3,77,8.6,No,Pass
STD-1640,Male,19,6.4,48,8,7.3,76,6.6,Yes,Pass
STD-1641,Female,18,6.4,83,6,8.9,67,8.5,Yes,Pass
STD-1642,Female,19,1.7,51,8,9.4,60,3.0,Yes,Fail
STD-1643,Female,23,1.2,86,9,9.0,50,5.3,No,Pass
STD-1644,Female,18,6.8,41,3,6.7,89,6.8,No,Pass
STD-1645,Female,16,5.2,78,3,9.6,51,6.8,Yes,Pass
STD-1646,Male,18,5.7,49,4,7.3,86,8.2,Yes,Pass
STD-1647,Female,22,2.0,56,4,9.0,56,5.4,Yes,Pass
STD-1648,Male,22,3.3,90,6,4.7,54,8.8,No,Pass
STD-1649,Female,18,6.4,54,3,6.1,60,7.8,No,Pass
STD-1650,Female,19,3.6,79,8,8.5,83,4.9,Yes,Pass
STD-1651,Male,23,6.7,97,6,5.3,43,6.0,Yes,Pass
STD-1652,Male,18,1.1,63,6,9.9,40,3.3,No,Fail
STD-1653,Female,15,6.6,95,4,6.6,80,7.6,No,Pass
STD-1654,Male,19,0.7,68,5,7.1,54,4.0,Yes,Pass
STD-1655,Male,19,6.4,59,8,8.1,50,2.0,Yes,Fail
STD-1656,Female,16,6.3,98,5,8.2,79,4.6,Yes,Pass
STD-1657,Female,18,4.4,59,7,9.8,64,2.0,No,Fail
STD-1658,Male,22,4.1,85,6,6.4,88,6.0,No,Pass
STD-1659,Male,21,7.1,52,2,6.6,88,6.5,Yes,Pass
STD-1660,Female,19,7.5,97,3,4.7,41,4.7,No,Pass
STD-1661,Male,21,5.8,44,1,9.5,46,4.6,No,Pass
STD-1662,Male,23,1.4,70,1,4.1,49,5.5,Yes,Fail
STD-1663,Female,15,5.0,44,2,5.7,66,5.0,Yes,Pass
STD-1664,Male,18,4.6,82,6,5.8,43,8.8,No,Pass
STD-1665,Female,23,5.6,58,2,7.4,41,3.5,No,Fail
STD-1666,Male,20,5.3,72,1,4.6,73,5.5,No,Pass
STD-1667,Male,21,5.9,63,3,6.5,72,3.5,No,Fail
STD-1668,Male,16,2.4,92,9,8.8,48,10.0,No,Pass
STD-1669,Male,16,7.0,51,5,5.6,79,9.4,No,Pass
STD-1670,Male,21,5.5,46,2,6.9,81,5.8,No,Pass
STD-1671,Female,21,5.6,52,5,8.0,75,7.7,No,Pass
STD-1672,Male,16,1.9,100,2,9.8,89,4.0,Yes,Pass
STD-1673,Female,22,5.6,44,8,9.6,93,4.2,No,Pass
STD-1674,Male,22,2.8,63,2,9.1,82,2.6,No,Pass
STD-1675,Female,19,7.0,73,2,4.9,75,3.0,No,Fail
STD-1676,Female,21,1.1,53,6,9.5,67,3.0,Yes,Pass
STD-1677,Female,23,1.2,100,3,6.4,55,1.2,Yes,Pass
STD-1678,Male,15,2.3,58,3,9.8,63,6.2,No,Pass
STD-1679,Male,18,4.6,92,6,4.9,74,5.2,Yes,Pass
STD-1680,Female,20,5.8,76,10,7.8,78,4.9,Yes,Pass
STD-1681,Female,19,7.5,63,8,4.6,61,3.3,No,Pass
STD-1682,Male,16,6.3,68,7,6.8,88,6.1,Yes,Fail
STD-1683,Female,22,6.1,83,2,5.3,53,5.4,No,Pass
STD-1684,Female,15,6.4,80,2,8.9,43,2.6,Yes,Pass
STD-1685,Male,21,7.1,87,6,7.0,45,4.7,Yes,Fail
STD-1686,Female,15,3.0,80,7,6.5,43,6.8,No,Pass
STD-1687,Female,22,2.0,61,0,4.2,93,1.5,No,Pass
STD-1688,Female,16,6.8,77,6,7.5,40,9.6,No,Pass
STD-1689,Female,23,4.6,64,1,7.0,65,6.9,Yes,Pass
STD-1690,Female,19,1.4,78,7,9.2,94,7.8,Yes,Pass
STD-1691,Male,20,6.7,97,3,6.1,69,4.4,No,Pass
STD-1692,Female,22,4.6,99,9,6.4,76,8.2,Yes,Pass
STD-1693,Male,17,5.2,70,4,7.8,74,1.4,No,Pass
STD-1694,Female,18,5.8,84,0,8.6,55,1.3,No,Pass
STD-1695,Male,18,6.8,87,8,9.9,89,3.9,No,Pass
STD-1696,Female,20,4.4,64,5,4.9,68,2.6,Yes,Pass
STD-1697,Female,23,4.5,90,7,4.3,47,2.5,Yes,Pass
STD-1698,Male,22,2.9,44,2,6.3,59,5.9,Yes,Pass
STD-1699,Male,15,4.2,93,1,5.3,49,8.3,No,Pass
STD-1700,Female,17,1.2,89,2,8.6,80,5.7,Yes,Fail
STD-1701,Female,23,2.9,83,6,8.1,94,7.1,Yes,Pass
STD-1702,Male,18,1.5,95,5,9.3,55,7.3,No,Pass
STD-1703,Male,22,6.2,59,5,4.6,58,9.3,Yes,Fail
STD-1704,Female,16,1.2,65,2,5.0,44,9.4,Yes,Pass
STD-1705,Female,20,2.4,82,0,9.2,66,6.6,Yes,Pass
STD-1706,Male,21,2.3,90,6,8.3,90,5.1,Yes,Pass
STD-1707,Male,22,2.7,58,4,8.4,53,4.9,No,Fail
STD-1708,Female,19,3.3,98,1,9.6,68,1.6,No,Pass
STD-1709,Male,15,2.4,46,3,7.0,89,6.8,No,Fail
STD-1710,Male,21,7.1,93,5,6.3,47,6.0,Yes,Pass
STD-1711,Female,17,2.8,72,2,5.7,68,8.5,Yes,Pass
STD-1712,Female,23,7.4,80,8,9.2,66,7.4,No,Pass
STD-1713,Male,16,3.3,93,3,6.6,41,5.2,Yes,Pass
STD-1714,Female,21,5.3,54,4,6.3,66,4.3,No,Pass
STD-1715,Female,20,3.4,54,1,5.9,47,6.2,No,Fail
STD-1716,Female,20,5.2,55,10,7.5,74,9.9,No,Pass
STD-1717,Male,20,6.0,42,7,7.4,53,7.0,No,Fail
STD-1718,Female,23,6.4,96,3,5.4,89,3.7,Yes,Pass
STD-1719,Female,20,0.8,44,2,8.0,84,1.8,Yes,Pass
STD-1720,Male,21,1.6,60,10,6.6,47,1.4,No,Fail
STD-1721,Female,17,3.3,54,4,5.1,51,2.4,No,Fail
STD-1722,Male,23,6.2,44,3,5.8,63,7.0,No,Pass
STD-1723,Female,19,3.4,79,5,4.1,68,7.2,No,Pass
STD-1724,Female,20,2.2,85,3,5.8,86,6.7,No,Pass
STD-1725,Female,20,1.1,95,0,7.5,88,1.3,No,Pass
STD-1726,Female,18,2.1,90,10,7.3,88,2.9,No,Fail
STD-1727,Female,18,4.0,40,4,5.8,84,7.9,No,Fail
STD-1728,Male,16,4.5,78,2,8.4,52,9.9,No,Pass
STD-1729,Female,17,3.1,86,3,7.5,51,4.7,Yes,Pass
STD-1730,Female,23,2.8,88,8,6.5,81,9.0,No,Fail
STD-1731,Female,19,2.4,100,0,5.3,54,3.9,No,Pass
STD-1732,Male,18,0.7,93,10,5.9,40,5.6,No,Fail
STD-1733,Female,22,1.4,63,5,4.7,51,4.8,No,Pass
STD-1734,Female,22,3.2,73,0,6.1,79,8.1,No,Fail
STD-1735,Male,15,7.3,55,4,7.6,46,3.1,Yes,Pass
STD-1736,Female,15,5.8,55,2,7.2,93,5.4,Yes,Fail
STD-1737,Male,16,5.5,54,6,7.1,70,2.7,No,Pass
STD-1738,Male,21,3.1,71,2,7.1,51,9.6,Yes,Fail
STD-1739,Female,15,2.8,77,5,6.8,70,4.0,No,Pass
STD-1740,Male,16,7.2,52,3,7.3,47,7.2,No,Pass
STD-1741,Male,21,7.7,46,3,8.7,86,6.8,Yes,Pass
STD-1742,Female,20,6.1,42,4,9.6,64,8.3,No,Pass
STD-1743,Female,18,6.6,93,0,5.1,51,1.7,Yes,Fail
STD-1744,Female,22,7.7,45,8,8.2,86,1.4,No,Pass
STD-1745,Female,18,2.6,41,6,9.5,57,5.8,Yes,Pass
STD-1746,Female,15,2.3,41,10,8.0,77,3.4,No,Pass
STD-1747,Male,21,3.6,43,8,10.0,46,5.5,Yes,Fail
STD-1748,Female,19,4.2,71,2,4.9,72,4.6,No,Fail
STD-1749,Male,23,1.1,47,7,9.6,63,6.1,Yes,Fail
STD-1750,Male,16,1.5,45,5,5.4,54,2.1,No,Fail
STD-1751,Male,17,4.1,96,10,8.2,86,2.9,No,Pass
STD-1752,Male,18,6.3,50,0,6.1,92,2.9,No,Pass
STD-1753,Male,15,1.3,86,5,7.9,89,9.5,No,Pass
STD-1754,Female,16,4.9,71,9,8.5,76,1.5,No,Pass
STD-1755,Male,22,2.3,73,5,7.1,49,4.8,Yes,Fail
STD-1756,Male,15,2.9,47,6,7.0,51,6.3,Yes,Fail
STD-1757,Male,18,7.1,100,4,9.2,83,3.9,No,Pass
STD-1758,Female,16,2.4,84,7,6.7,47,3.1,No,Fail
STD-1759,Female,22,5.0,85,7,9.5,43,4.8,Yes,Pass
STD-1760,Male,18,1.2,77,0,6.5,55,5.5,No,Fail
STD-1761,Female,16,3.1,76,5,4.5,79,8.3,No,Pass
STD-1762,Male,22,7.0,41,1,5.5,79,2.6,Yes,Pass
STD-1763,Female,19,2.9,53,2,9.2,74,6.6,No,Fail
STD-1764,Male,18,3.8,86,2,5.8,84,4.9,No,Fail
STD-1765,Female,21,1.5,53,5,5.0,92,7.8,Yes,Pass
STD-1766,Female,18,6.3,97,0,6.6,81,3.3,No,Fail
STD-1767,Male,17,7.9,92,2,4.8,63,10.0,Yes,Pass
STD-1768,Male,19,5.3,83,8,5.6,83,7.4,Yes,Pass
STD-1769,Female,20,2.1,92,4,7.3,60,6.4,Yes,Fail
STD-1770,Female,23,5.7,96,9,7.9,47,6.2,Yes,Pass
STD-1771,Female,22,6.7,77,6,5.2,71,9.8,Yes,Pass
STD-1772,Female,23,6.9,59,4,9.9,89,2.1,No,Pass
STD-1773,Female,19,5.8,87,3,9.7,94,9.8,No,Pass
STD-1774,Male,21,2.5,45,3,9.9,42,1.8,No,Fail
STD-1775,Female,17,7.5,55,10,5.0,80,9.6,Yes,Pass
STD-1776,Female,22,4.6,41,3,6.2,72,5.3,Yes,Pass
STD-1777,Male,17,0.8,93,1,4.1,60,8.5,Yes,Pass
STD-1778,Male,23,2.8,92,1,7.0,50,8.1,No,Pass
STD-1779,Male,23,2.9,48,7,5.0,65,2.6,No,Pass
STD-1780,Female,16,4.6,65,5,8.8,45,5.8,Yes,Fail
STD-1781,Male,16,4.8,79,1,4.9,61,3.9,Yes,Pass
STD-1782,Female,16,5.8,90,6,8.8,56,3.9,No,Pass
STD-1783,Female,19,3.1,81,2,9.5,69,5.1,No,Fail
STD-1784,Female,23,5.8,46,5,9.3,62,7.4,No,Pass
STD-1785,Female,15,3.9,48,1,8.8,59,6.7,Yes,Fail
STD-1786,Male,17,6.6,73,4,7.3,74,2.6,Yes,Fail
STD-1787,Male,15,1.3,48,10,6.7,79,8.3,Yes,Fail
STD-1788,Female,22,0.6,55,2,6.3,89,2.3,No,Fail
STD-1789,Male,20,0.5,93,3,8.1,59,6.0,No,Fail
STD-1790,Female,15,7.1,83,9,6.7,76,6.4,No,Pass
STD-1791,Female,15,4.6,75,2,4.1,70,7.4,No,Fail
STD-1792,Female,16,0.8,47,7,4.5,76,4.6,No,Pass
STD-1793,Female,22,7.3,93,8,9.6,77,3.8,Yes,Pass
STD-1794,Male,18,6.7,44,6,4.7,62,7.4,Yes,Pass
STD-1795,Female,23,2.3,61,0,6.4,58,1.5,No,Fail
STD-1796,Female,21,5.0,59,9,8.1,85,2.5,Yes,Pass
STD-1797,Female,17,1.2,100,9,5.9,80,8.7,Yes,Fail
STD-1798,Female,21,2.5,87,9,9.9,47,4.0,Yes,Pass
STD-1799,Male,15,7.6,96,5,6.0,85,4.0,Yes,Pass
STD-1800,Female,23,4.0,86,5,9.9,72,1.9,No,Pass
STD-1801,Female,16,7.7,56,8,4.2,74,3.4,No,Pass
STD-1802,Female,15,7.1,56,0,6.1,41,9.5,Yes,Pass
STD-1803,Female,20,2.3,85,8,7.9,46,6.3,Yes,Pass
STD-1804,Female,23,1.6,44,7,6.7,55,9.7,No,Fail
STD-1805,Male,16,7.9,86,7,8.0,93,3.3,Yes,Pass
STD-1806,Male,21,4.6,94,9,4.3,91,9.3,No,Pass
STD-1807,Male,17,6.9,58,6,5.2,83,1.8,No,Pass
STD-1808,Male,20,3.8,77,10,9.3,51,7.4,No,Fail
STD-1809,Male,18,0.6,67,4,5.4,77,2.0,Yes,Pass
STD-1810,Female,17,2.2,46,7,7.5,47,3.9,No,Pass
STD-1811,Male,22,4.0,50,5,6.3,68,2.7,No,Pass
STD-1812,Female,22,1.3,87,3,8.0,63,8.7,No,Pass
STD-1813,Male,23,3.3,48,9,9.2,71,2.7,Yes,Pass
STD-1814,Female,23,3.0,54,9,7.8,87,3.1,No,Pass
STD-1815,Male,19,3.8,81,2,5.2,62,8.5,Yes,Pass
STD-1816,Male,23,4.1,87,7,7.8,82,5.2,No,Pass
STD-1817,Male,20,1.9,73,10,4.8,88,8.7,Yes,Pass
STD-1818,Male,15,4.6,56,3,8.7,40,9.5,No,Fail
STD-1819,Female,20,0.6,85,1,4.1,64,9.8,Yes,Fail
STD-1820,Female,20,7.4,87,9,8.2,49,6.3,No,Pass
STD-1821,Male,16,6.2,95,8,6.8,58,4.1,No,Pass
STD-1822,Male,16,6.6,40,8,6.5,47,8.1,No,Pass
STD-1823,Male,16,0.6,45,8,9.0,73,9.6,No,Pass
STD-1824,Male,23,5.1,84,8,6.5,89,9.7,Yes,Pass
STD-1825,Male,20,1.1,88,3,5.4,60,10.0,No,Pass
STD-1826,Female,21,5.5,72,7,5.2,59,5.7,Yes,Fail
STD-1827,Male,21,6.1,84,3,5.9,94,4.0,No,Pass
STD-1828,Male,15,1.1,46,1,5.9,47,5.4,Yes,Fail
STD-1829,Female,20,0.8,48,9,7.2,79,6.1,Yes,Pass
STD-1830,Female,15,5.3,61,10,6.7,51,5.0,No,Fail
STD-1831,Female,15,2.1,54,7,5.8,76,7.0,Yes,Pass
STD-1832,Male,23,1.1,54,10,7.8,94,1.2,No,Pass
STD-1833,Female,17,3.2,92,3,6.9,92,3.3,No,Pass
STD-1834,Female,15,2.5,60,5,4.9,72,8.5,Yes,Fail
STD-1835,Male,23,1.1,70,7,7.9,93,8.4,No,Fail
STD-1836,Female,23,4.7,47,0,5.9,79,5.9,Yes,Pass
STD-1837,Male,22,5.4,52,9,9.2,59,1.7,No,Fail
STD-1838,Female,18,1.4,76,6,5.7,52,3.3,No,Fail
STD-1839,Male,17,3.4,46,6,8.8,51,2.5,Yes,Fail
STD-1840,Female,20,4.2,100,2,5.2,51,2.3,Yes,Pass
STD-1841,Male,16,7.8,44,9,9.6,41,1.2,No,Pass
STD-1842,Female,23,2.3,77,6,7.2,61,4.4,Yes,Fail
STD-1843,Male,17,6.3,74,10,9.6,42,9.7,No,Fail
STD-1844,Female,21,3.8,54,6,8.7,54,7.6,No,Pass
STD-1845,Female,22,5.9,67,4,8.3,95,5.5,No,Fail
STD-1846,Female,16,4.3,81,7,5.0,93,3.8,Yes,Pass
STD-1847,Female,17,7.1,68,7,9.8,70,5.5,No,Pass
STD-1848,Female,21,0.6,75,1,9.8,58,2.4,No,Fail
STD-1849,Female,21,5.0,92,0,4.9,53,9.1,Yes,Pass
STD-1850,Male,20,7.7,68,9,7.5,42,6.8,Yes,Pass
STD-1851,Female,21,5.9,49,8,10.0,76,1.6,No,Pass
STD-1852,Female,19,2.6,98,8,6.2,57,5.6,Yes,Pass
STD-1853,Female,23,4.2,75,1,9.7,70,8.2,No,Pass
STD-1854,Female,20,6.4,47,1,6.1,92,3.0,No,Pass
STD-1855,Female,17,6.9,98,7,4.8,93,2.5,Yes,Pass
STD-1856,Male,23,4.1,69,0,4.6,56,7.5,No,Fail
STD-1857,Male,17,7.0,58,9,9.1,56,8.8,No,Pass
STD-1858,Male,20,1.5,40,2,5.3,90,5.8,No,Pass
STD-1859,Male,17,1.0,64,4,6.7,56,8.0,Yes,Fail
STD-1860,Male,17,4.3,53,7,5.0,60,5.1,Yes,Pass
STD-1861,Female,17,2.6,65,0,8.6,70,1.9,Yes,Fail
STD-1862,Female,23,6.1,46,3,5.4,60,1.8,No,Pass
STD-1863,Female,20,1.2,84,0,8.9,48,5.9,Yes,Pass
STD-1864,Male,20,6.7,84,1,4.7,46,4.0,No,Pass
STD-1865,Male,17,1.4,90,7,9.7,55,6.4,Yes,Pass
STD-1866,Female,18,5.1,79,0,9.7,44,9.8,Yes,Pass
STD-1867,Male,21,1.2,61,3,7.4,78,8.5,Yes,Pass
STD-1868,Female,23,1.4,54,2,7.9,45,7.7,No,Pass
STD-1869,Female,21,3.2,42,9,9.5,44,6.1,No,Fail
STD-1870,Female,15,4.8,78,10,6.5,43,6.2,Yes,Pass
STD-1871,Male,19,0.7,72,4,5.9,78,5.5,Yes,Fail
STD-1872,Male,20,2.4,72,0,7.2,54,4.5,No,Fail
STD-1873,Male,15,2.4,93,4,9.4,63,3.2,No,Pass
STD-1874,Male,22,3.0,68,4,8.1,50,4.4,Yes,Pass
STD-1875,Female,23,1.4,73,4,9.1,59,6.8,No,Fail
STD-1876,Female,15,4.0,73,5,5.7,69,1.5,No,Fail
STD-1877,Male,17,3.2,52,1,7.7,72,5.9,Yes,Pass
STD-1878,Female,22,3.4,63,6,7.6,81,6.6,Yes,Pass
STD-1879,Male,19,5.0,42,5,4.7,45,5.9,No,Pass
STD-1880,Male,16,7.7,66,5,8.0,51,8.8,Yes,Fail
STD-1881,Female,17,7.5,94,9,6.6,46,6.5,No,Pass
STD-1882,Male,23,5.8,97,10,9.1,53,9.1,No,Pass
STD-1883,Male,22,7.5,71,1,5.9,51,8.1,No,Fail
STD-1884,Male,17,2.4,59,3,6.8,57,9.3,Yes,Fail
STD-1885,Female,19,2.7,63,10,6.3,88,3.4,Yes,Fail
STD-1886,Female,22,1.1,71,2,9.2,89,3.9,Yes,Fail
STD-1887,Male,23,4.4,51,1,8.2,48,7.0,No,Pass
STD-1888,Male,20,4.2,64,8,7.9,83,4.2,Yes,Pass
STD-1889,Female,19,4.2,55,4,6.6,47,6.9,Yes,Fail
STD-1890,Female,22,2.4,66,5,6.2,44,7.9,No,Fail
STD-1891,Male,22,4.6,96,7,4.4,62,1.7,No,Pass
STD-1892,Female,19,6.8,91,10,4.4,41,9.4,Yes,Fail
STD-1893,Male,20,1.3,62,4,4.4,72,2.1,No,Pass
STD-1894,Male,21,6.9,95,0,8.3,78,8.7,No,Pass
STD-1895,Male,23,2.8,63,8,8.7,63,9.1,Yes,Pass
STD-1896,Male,20,4.2,52,5,7.0,40,2.8,Yes,Fail
STD-1897,Male,23,1.5,95,5,9.0,90,2.2,No,Pass
STD-1898,Female,22,6.7,91,10,8.7,75,2.6,Yes,Pass
STD-1899,Male,20,2.7,74,0,4.3,69,3.9,No,Pass
STD-1900,Female,23,3.2,44,8,5.3,68,5.9,No,Fail
STD-1901,Male,21,8.0,53,2,7.2,45,8.2,Yes,Pass
STD-1902,Female,16,6.9,85,0,9.9,75,2.3,No,Pass
STD-1903,Male,17,3.8,66,5,6.4,73,8.7,No,Pass
STD-1904,Female,21,2.0,62,0,6.1,92,4.3,Yes,Fail
STD-1905,Female,19,2.9,74,1,5.7,82,5.4,Yes,Fail
STD-1906,Female,16,3.9,75,5,8.3,81,9.8,No,Pass
STD-1907,Male,18,1.6,51,9,5.1,82,7.8,Yes,Pass
STD-1908,Female,21,4.0,84,10,8.5,88,3.3,No,Pass
STD-1909,Female,16,6.0,94,5,6.9,63,2.1,No,Pass
STD-1910,Male,20,2.8,72,4,4.1,95,2.2,No,Fail
STD-1911,Female,19,7.6,93,6,4.1,48,2.7,No,Pass
STD-1912,Female,21,3.8,67,9,4.9,75,5.4,No,Pass
STD-1913,Female,15,6.7,81,4,4.3,44,2.9,Yes,Pass
STD-1914,Female,18,1.7,99,8,8.6,81,2.8,Yes,Pass
STD-1915,Female,16,2.2,80,2,4.2,45,9.8,No,Fail
STD-1916,Female,15,2.9,65,8,4.2,84,5.5,No,Pass
STD-1917,Male,23,7.5,89,10,9.0,64,9.4,Yes,Pass
STD-1918,Male,18,1.5,94,2,9.9,72,1.2,Yes,Pass
STD-1919,Male,18,7.9,82,6,7.1,40,4.7,No,Fail
STD-1920,Female,17,1.1,47,6,8.8,77,6.2,No,Pass
STD-1921,Female,20,5.7,79,1,8.3,76,3.7,Yes,Pass
STD-1922,Female,22,2.5,98,0,9.8,49,4.0,No,Fail
STD-1923,Male,18,2.7,67,10,9.0,79,8.9,No,Pass
STD-1924,Female,15,5.0,73,2,4.5,77,3.0,No,Pass
STD-1925,Male,22,7.6,72,1,7.2,69,2.7,Yes,Pass
STD-1926,Male,20,4.6,62,5,4.6,45,5.7,No,Fail
STD-1927,Male,22,6.6,70,2,9.1,51,2.9,No,Fail
STD-1928,Female,22,2.8,95,7,6.4,66,4.6,No,Fail
STD-1929,Female,17,6.9,87,7,8.6,53,9.7,Yes,Pass
STD-1930,Female,23,7.5,45,3,6.1,94,1.8,No,Pass
STD-1931,Male,16,1.8,59,3,9.4,68,6.0,Yes,Fail
STD-1932,Male,21,5.4,45,8,6.7,75,7.7,Yes,Pass
STD-1933,Male,23,1.1,87,2,4.4,66,1.3,No,Fail
STD-1934,Male,22,1.0,91,6,5.6,44,5.8,Yes,Fail
STD-1935,Male,16,0.6,86,10,6.2,75,1.3,Yes,Fail
STD-1936,Female,20,5.7,43,2,5.2,56,1.1,Yes,Pass
STD-1937,Male,17,4.3,48,5,6.7,47,5.4,No,Fail
STD-1938,Male,18,7.4,97,3,7.4,73,2.4,Yes,Pass
STD-1939,Male,20,3.0,41,5,4.4,63,6.2,No,Fail
STD-1940,Female,17,4.3,80,3,9.5,65,6.3,Yes,Fail
STD-1941,Female,15,2.8,88,0,4.9,92,5.9,No,Fail
STD-1942,Female,22,4.4,75,1,10.0,49,3.3,Yes,Fail
STD-1943,Male,16,1.7,69,9,6.2,40,7.6,No,Pass
STD-1944,Female,17,4.0,88,4,7.0,75,6.6,No,Pass
STD-1945,Male,23,2.5,47,6,9.3,44,8.2,Yes,Pass
STD-1946,Female,23,4.0,97,5,7.4,87,5.7,Yes,Fail
STD-1947,Male,23,7.6,71,2,9.1,84,3.5,Yes,Pass
STD-1948,Female,17,7.4,58,6,5.2,69,1.6,Yes,Pass
STD-1949,Female,23,2.7,78,6,9.2,56,5.6,No,Pass
STD-1950,Male,23,5.6,47,1,4.0,56,4.7,Yes,Pass
STD-1951,Male,18,6.2,85,5,9.0,44,7.5,No,Pass
STD-1952,Male,22,2.2,95,5,8.8,68,6.1,Yes,Pass
STD-1953,Female,20,0.6,42,1,6.7,48,3.4,Yes,Fail
STD-1954,Female,20,5.1,64,8,9.9,56,3.6,Yes,Fail
STD-1955,Female,20,1.9,99,9,7.0,94,8.7,Yes,Pass
STD-1956,Female,19,1.3,96,4,7.4,65,3.9,No,Pass
STD-1957,Female,15,2.6,51,10,4.7,94,1.3,No,Pass
STD-1958,Female,22,7.9,59,7,4.4,55,3.0,Yes,Fail
STD-1959,Male,22,6.7,72,5,9.5,48,2.1,Yes,Pass
STD-1960,Female,18,5.4,59,1,8.9,45,5.2,Yes,Pass
STD-1961,Female,22,7.4,88,0,7.5,67,6.8,Yes,Pass
STD-1962,Male,15,3.5,53,6,9.2,80,6.9,No,Fail
STD-1963,Female,19,7.1,89,8,5.2,78,5.4,Yes,Pass
STD-1964,Male,18,4.4,53,7,4.0,73,7.0,Yes,Pass
STD-1965,Female,16,4.0,72,7,9.3,73,1.1,No,Pass
STD-1966,Female,20,3.6,58,5,5.3,58,5.2,No,Pass
STD-1967,Female,17,1.7,80,4,9.8,64,5.7,No,Pass
STD-1968,Female,23,6.5,66,7,6.1,69,7.8,No,Pass
STD-1969,Female,22,1.8,63,2,4.0,52,3.8,Yes,Fail
STD-1970,Male,18,5.8,82,6,5.4,60,7.2,No,Pass
STD-1971,Male,19,7.2,55,6,4.9,81,1.2,No,Pass
STD-1972,Male,17,5.3,87,2,7.7,81,1.7,Yes,Fail
STD-1973,Male,19,2.3,42,8,8.3,53,2.7,Yes,Pass
STD-1974,Male,23,7.8,50,10,4.8,64,6.6,No,Pass
STD-1975,Male,21,6.5,61,0,4.2,75,7.5,No,Pass
STD-1976,Female,17,5.7,91,1,4.9,86,8.0,Yes,Pass
STD-1977,Female,23,2.0,42,7,7.8,84,5.1,Yes,Pass
STD-1978,Male,18,5.4,99,10,8.5,69,7.9,No,Pass
STD-1979,Female,18,3.6,61,6,4.2,94,3.8,Yes,Fail
STD-1980,Female,16,1.1,53,1,8.7,64,5.1,No,Fail
STD-1981,Male,17,6.8,41,9,5.1,94,9.0,Yes,Pass
STD-1982,Female,19,1.9,45,4,8.2,86,7.9,No,Fail
STD-1983,Male,19,7.3,45,4,8.6,40,9.6,No,Pass
STD-1984,Female,23,5.9,45,1,9.4,77,8.2,Yes,Pass
STD-1985,Male,21,6.5,51,3,9.2,49,7.4,No,Fail
STD-1986,Male,16,6.0,90,0,4.5,43,1.2,No,Pass
STD-1987,Female,15,4.8,60,8,5.4,73,2.0,Yes,Pass
STD-1988,Male,23,4.8,85,5,8.8,90,1.4,Yes,Pass
STD-1989,Male,22,6.3,47,3,7.2,62,9.4,No,Pass
STD-1990,Female,17,5.8,59,8,7.3,43,6.1,Yes,Pass
STD-1991,Male,18,3.5,72,9,8.5,91,4.6,Yes,Pass
STD-1992,Male,15,5.1,41,9,5.2,51,3.8,Yes,Fail
STD-1993,Male,15,1.2,62,9,9.8,44,9.5,Yes,Pass
STD-1994,Female,23,6.4,81,5,8.7,49,1.1,No,Pass
STD-1995,Female,21,1.8,76,5,9.8,56,2.7,No,Pass
STD-1996,Female,23,5.2,54,1,7.4,90,2.6,No,Fail
STD-1997,Male,21,4.7,97,7,7.0,40,6.1,No,Pass
STD-1998,Male,23,2.5,87,8,4.9,95,9.9,No,Pass
STD-1999,Male,23,2.0,90,7,6.0,88,9.3,Yes,Pass
